tic_id,label,sectors,morphology,source,flags
91961,eclipsing_binary,"11, 38",0.175,LCF,
101462,eclipsing_binary,"11, 38, 65",0.166,LCF,
120016,eclipsing_binary,"11, 38, 65",0.849,LCF,
627436,eclipsing_binary,"5, 32",0.817,LCF,
737546,eclipsing_binary,"5, 32",0.568,LCF,
927579,eclipsing_binary,"7, 8, 34, 61, 88",0.331,LCF,
1003831,eclipsing_binary,"8, 34, 61, 88",0.235,LCF,A
1045298,eclipsing_binary,4,0.641,LCF,A
1103432,eclipsing_binary,"8, 34, 61, 88",0.319,LCF,
1129033,eclipsing_binary,"4, 31",0.497,LCF,A
1129452,eclipsing_binary,"4, 31",0.988,LCF,
1190662,eclipsing_binary,"8, 35, 61, 62",0.281,LCF,
1202347,eclipsing_binary,"8, 34, 35, 61, 62, 88",0.354,LCF,
1220444,eclipsing_binary,"5, 32",0.173,LCF,
1230647,eclipsing_binary,"8, 35, 62",0.586,LCF,
1449640,eclipsing_binary,"5, 32",0.396,LCF,A
1450518,eclipsing_binary,"5, 32",0.650,LCF,
1630438,eclipsing_binary,"10, 37, 46, 63",0.989,LCF,
1630690,eclipsing_binary,"10, 37, 63",0.965,LCF,
2020964,eclipsing_binary,"8, 35, 61, 62, 88",0.559,LCF,A
2234723,eclipsing_binary,"19, 43, 44, 45, 59, 71, 73, 86",0.594,LCF,
2236015,eclipsing_binary,"19, 43, 44, 45, 59, 71, 73, 86",0.373,LCF,
2353789,eclipsing_binary,"8, 35, 61, 62",0.425,LCF,
2372579,eclipsing_binary,"13, 27",0.082,LCF,
2595273,eclipsing_binary,"19, 43, 44, 45, 59, 71, 73, 86",0.421,LCF,
2758565,eclipsing_binary,"2, 29, 69",0.658,LCF,
3034524,eclipsing_binary,"19, 43, 44, 45, 59, 71, 73, 86",0.556,LCF,A
3311888,eclipsing_binary,"19, 43, 44, 45, 59, 73, 86",0.720,LCF,
3815360,eclipsing_binary,"3, 30",0.060,LCF,A
3816260,eclipsing_binary,"3, 30, 42, 43, 70",0.122,LCF,
3921749,eclipsing_binary,"3, 30, 42, 43, 70",0.175,LCF,
4164713,eclipsing_binary,"20, 44, 45, 46, 47, 60",0.832,LCF,
4206238,eclipsing_binary,"6, 32",0.267,LCF,A
4247738,eclipsing_binary,"20, 44, 45, 46, 47, 60, 71, 72",0.347,LCF,
4254645,eclipsing_binary,"6, 32",0.535,LCF,A
4299830,eclipsing_binary,"20, 44, 45, 46, 47, 60, 71, 72",0.427,LCF,
4629065,eclipsing_binary,"4, 31",0.279,LCF,
4723156,eclipsing_binary,"4, 31",0.026,LCF,
4742129,eclipsing_binary,"4, 31",0.375,LCF,
4957914,eclipsing_binary,"21, 48",0.503,LCF,
4971740,eclipsing_binary,"21, 48",0.360,LCF,
5092088,eclipsing_binary,"8, 9, 35, 36, 62",0.231,LCF,
5205367,eclipsing_binary,"26, 53, 79, 80",0.485,LCF,
5364915,eclipsing_binary,"8, 35, 62",0.159,LCF,
5506314,eclipsing_binary,"9, 35, 62",1.016,LCF,
5674169,eclipsing_binary,"18, 58, 85",0.854,LCF,
5703872,eclipsing_binary,"8, 9, 35, 36, 62",0.163,LCF,
5868998,eclipsing_binary,"10, 37",0.443,LCF,
5969274,eclipsing_binary,"10, 37, 46, 64",0.528,LCF,
5981829,eclipsing_binary,"10, 37, 64",0.607,LCF,
6400274,eclipsing_binary,"13, 67",0.512,LCF,
6518047,eclipsing_binary,"7, 34, 88",0.489,LCF,
6667908,eclipsing_binary,"13, 67",0.298,LCF,A
7211118,eclipsing_binary,"7, 34, 88",0.534,LCF,
7418947,eclipsing_binary,"4, 5, 6, 31, 32, 33, 87",0.732,LCF,
7695666,eclipsing_binary,"4, 5, 31, 32",0.093,LCF,
7724421,eclipsing_binary,"4, 5, 31, 32",0.822,LCF,
7849727,eclipsing_binary,"14, 26, 40, 52, 53, 54, 74, 79, 80",0.635,LCF,
7851729,eclipsing_binary,"14, 26, 40, 41, 52, 53, 54, 74, 79, 80, 81",0.614,LCF,
7854182,eclipsing_binary,"14, 25, 26, 40, 41, 52, 53, 54, 74, 79, 80, 81",0.615,LCF,
8200343,eclipsing_binary,"21, 48",0.086,LCF,
8245065,eclipsing_binary,"21, 48",0.748,LCF,
8592033,eclipsing_binary,"24, 25, 51, 52, 78, 79",0.629,LCF,
8624617,eclipsing_binary,"24, 25, 51, 52, 78, 79",0.602,LCF,
8669966,eclipsing_binary,"24, 25, 51, 52, 78, 79",0.900,LCF,
8673277,eclipsing_binary,"24, 25, 51, 52, 78, 79",0.804,LCF,
8677671,eclipsing_binary,"21, 48",0.564,LCF,
8766412,eclipsing_binary,"21, 48",0.909,LCF,
8769657,eclipsing_binary,"21, 48",0.574,LCF,
8895896,eclipsing_binary,"19, 59, 73, 86",0.198,LCF,
8989778,eclipsing_binary,"2, 29, 42, 70",0.791,LCF,
9033144,eclipsing_binary,"2, 29, 69",0.122,LCF,
9036901,eclipsing_binary,"23, 24, 50, 77",0.599,LCF,
9054370,eclipsing_binary,"2, 29, 42, 70",0.290,LCF,
9058724,eclipsing_binary,"23, 24, 50, 77",0.442,LCF,
9070070,eclipsing_binary,"2, 29, 42, 70",0.831,LCF,
9172417,eclipsing_binary,"5, 32",0.655,LCF,
9209932,eclipsing_binary,"2, 29, 69",0.450,LCF,
9361438,eclipsing_binary,"21, 48",0.140,LCF,
9380768,eclipsing_binary,"5, 32",0.459,LCF,
9381557,eclipsing_binary,"5, 32",0.480,LCF,
9391285,eclipsing_binary,"22, 48",0.303,LCF,
9433212,eclipsing_binary,"5, 32",0.200,LCF,
9461737,eclipsing_binary,"22, 49",0.574,LCF,
9473243,eclipsing_binary,"25, 26, 52, 79",0.536,LCF,
9727392,eclipsing_binary,"2, 29, 42, 69, 70",0.376,LCF,
9825731,eclipsing_binary,"25, 26, 52, 53, 79",0.700,LCF,
9845586,eclipsing_binary,"4, 31",0.719,LCF,
9945183,eclipsing_binary,"4, 31",0.531,LCF,
10048801,eclipsing_binary,"20, 47",0.459,LCF,
10057647,eclipsing_binary,"20, 47",0.076,LCF,
10393493,eclipsing_binary,"25, 26, 40, 52, 53, 79, 80",0.789,LCF,
10467747,eclipsing_binary,"25, 26, 40, 52, 53, 79, 80",0.530,LCF,A
10756751,eclipsing_binary,"3, 30, 42, 43, 70",0.571,LCF,
10838695,eclipsing_binary,"3, 30",0.527,LCF,
10891640,eclipsing_binary,"14, 41, 54, 81",0.522,LCF,
11002748,eclipsing_binary,"5, 31",0.669,LCF,
11046410,eclipsing_binary,"5, 31",0.439,LCF,
11070365,eclipsing_binary,"7, 34, 61",0.560,LCF,A
11113164,eclipsing_binary,"14, 15, 41, 54, 55, 75, 81, 82",0.629,LCF,
11119600,eclipsing_binary,"14, 15, 41, 54, 55, 75, 81, 82",0.532,LCF,A
11286209,eclipsing_binary,"6, 32",0.572,LCF,
11437325,eclipsing_binary,"18, 58, 85",0.521,LCF,
11480287,eclipsing_binary,"14, 15, 41, 54, 55, 75, 81",0.600,LCF,
11480757,eclipsing_binary,"14, 15, 41, 54, 55, 75, 81, 82",0.862,LCF,
11487334,eclipsing_binary,"3, 30",0.809,LCF,
11491822,eclipsing_binary,"20, 60, 73",0.207,LCF,
11546041,eclipsing_binary,"3, 30",0.778,LCF,
11561667,eclipsing_binary,"9, 35, 62",0.286,LCF,
11598102,eclipsing_binary,"3, 30",0.779,LCF,
11704852,eclipsing_binary,"14, 15, 41, 55, 75, 81, 82",0.548,LCF,
11748495,eclipsing_binary,"8, 34, 35, 61, 62, 88",0.514,LCF,
11756637,eclipsing_binary,"6, 33, 87",0.191,LCF,
11793277,eclipsing_binary,"14, 15, 41, 55, 75, 81, 82",0.610,LCF,
11799872,eclipsing_binary,"20, 60, 73",0.364,LCF,
11799874,eclipsing_binary,"20, 60, 73",0.366,LCF,
12012992,eclipsing_binary,"8, 9, 35, 62",0.626,LCF,
12029932,eclipsing_binary,"14, 15, 41, 55, 75, 81, 82",0.733,LCF,
12158853,eclipsing_binary,"6, 33, 87",0.361,LCF,
12494582,eclipsing_binary,"14, 15, 41, 55, 75, 81, 82",0.648,LCF,
12529950,eclipsing_binary,"4, 31",0.308,LCF,
12631605,eclipsing_binary,"4, 31",0.539,LCF,
12632044,eclipsing_binary,"4, 31",0.849,LCF,
12672792,eclipsing_binary,"14, 15, 41, 55, 75, 81, 82",0.576,LCF,
12673900,eclipsing_binary,"14, 15, 41, 55, 75, 81, 82",0.635,LCF,
12723924,eclipsing_binary,"2, 28, 42",0.038,LCF,
12790306,eclipsing_binary,"17, 24, 57, 58, 77, 78, 84, 85",0.609,LCF,
12824209,eclipsing_binary,"18, 25, 52, 58, 59, 78, 79, 85, 86",0.527,LCF,A
12862119,eclipsing_binary,"3, 29, 70",0.254,LCF,
12915124,eclipsing_binary,"14, 15, 41, 55, 75, 81, 82",0.524,LCF,
13021029,eclipsing_binary,"5, 32",0.323,LCF,A
13037534,eclipsing_binary,"17, 18, 24, 57, 58, 77, 78, 84, 85",0.542,LCF,
13062255,eclipsing_binary,"5, 32",0.571,LCF,
13062697,eclipsing_binary,"5, 32",0.784,LCF,
13068361,eclipsing_binary,"2, 29, 69",0.808,LCF,
13070701,eclipsing_binary,"5, 32",0.900,LCF,
13092260,eclipsing_binary,"2, 29, 69",0.111,LCF,
13135572,eclipsing_binary,"5, 32",0.739,LCF,
13325340,eclipsing_binary,"5, 32",0.578,LCF,
13345143,eclipsing_binary,"5, 6, 32",0.784,LCF,
13349647,eclipsing_binary,"8, 34, 61, 88",0.376,LCF,A
13351941,eclipsing_binary,"18, 58, 85, 86",0.538,LCF,
13389059,eclipsing_binary,"17, 18, 24, 57, 58, 78, 84, 85",0.101,LCF,
13684720,eclipsing_binary,"14, 15, 41, 55, 75, 81, 82",0.196,LCF,
13840107,eclipsing_binary,"18, 58, 59, 85, 86",0.470,LCF,
13957444,eclipsing_binary,"5, 32",0.257,LCF,
13968858,eclipsing_binary,"14, 15, 41, 55, 75, 81, 82",0.625,LCF,
13974582,eclipsing_binary,"14, 15, 41, 55, 81",0.334,LCF,
13976604,eclipsing_binary,"14, 15, 41, 55, 75, 81, 82",0.890,LCF,
14040050,eclipsing_binary,"18, 58, 85, 86",0.273,LCF,A
14081980,eclipsing_binary,"5, 6, 31, 32",0.326,LCF,
14091704,eclipsing_binary,"5, 6, 32",0.429,LCF,A
14207118,eclipsing_binary,"14, 15, 41, 55, 75, 81, 82",0.626,LCF,
14307980,eclipsing_binary,"8, 35, 62",0.503,LCF,
14614418,eclipsing_binary,"10, 36, 63",0.519,LCF,A
14617089,eclipsing_binary,"14, 15, 41, 55, 81, 82",0.633,LCF,
14679411,eclipsing_binary,"10, 36, 63",0.363,LCF,
14709809,eclipsing_binary,"7, 33, 44, 45, 46, 71, 72",0.605,LCF,A
14826027,eclipsing_binary,"22, 46, 49",0.747,LCF,
14842303,eclipsing_binary,"14, 15, 41, 55, 82",0.674,LCF,A
14844585,eclipsing_binary,"14, 15, 41, 55, 75, 81, 82",0.585,LCF,
14948284,eclipsing_binary,"22, 49",0.545,LCF,
15445546,eclipsing_binary,"10, 11, 37, 64",0.445,LCF,
15445551,eclipsing_binary,"10, 11, 37, 64",0.506,LCF,
15613315,eclipsing_binary,"17, 57, 84",0.650,LCF,
15795549,eclipsing_binary,"14, 15, 41, 55, 75, 82",0.597,LCF,
16288184,eclipsing_binary,"12, 39",0.471,LCF,A
16316642,eclipsing_binary,"14, 15, 41, 55, 75, 82",0.758,LCF,
16479253,eclipsing_binary,"20, 60, 73",0.347,LCF,
16485009,eclipsing_binary,"20, 60, 73",0.829,LCF,
16596302,eclipsing_binary,"20, 47, 60",0.871,LCF,
16617827,eclipsing_binary,"14, 15, 41, 55, 75, 82",0.720,LCF,
16700335,eclipsing_binary,"20, 47, 60",0.521,LCF,
16703161,eclipsing_binary,"20, 47, 60",0.261,LCF,
16728252,eclipsing_binary,"14, 15, 41, 55, 56, 75, 76",0.541,LCF,
16740101,eclipsing_binary,"14, 15, 41, 55, 75, 82",0.575,LCF,
16805614,eclipsing_binary,"21, 48",0.098,LCF,
16805617,eclipsing_binary,"21, 48",0.074,LCF,
16805628,eclipsing_binary,"21, 48",0.233,LCF,
17005768,eclipsing_binary,"17, 57, 84",0.190,LCF,A
17206122,eclipsing_binary,"21, 48",0.260,LCF,
17299918,eclipsing_binary,"21, 48",0.337,LCF,
17451194,eclipsing_binary,"14, 15, 41, 55, 56, 75, 76, 82",0.484,LCF,
17468122,eclipsing_binary,"24, 25, 51, 52, 78",0.260,LCF,
17539192,eclipsing_binary,"24, 25, 51, 52, 78",0.667,LCF,
17562290,eclipsing_binary,"24, 25, 51, 52, 78",0.756,LCF,
18028547,eclipsing_binary,"22, 48",0.124,LCF,A
18225199,eclipsing_binary,"17, 57, 84",0.543,LCF,
18250189,eclipsing_binary,"17, 57, 84",0.556,LCF,
18269802,eclipsing_binary,"25, 26, 52, 53, 79, 80",0.740,LCF,
18271803,eclipsing_binary,"25, 26, 52, 53, 79, 80",0.594,LCF,
18319090,eclipsing_binary,"25, 26, 52, 53, 79, 80",0.057,LCF,
18433724,eclipsing_binary,"25, 26, 52, 53, 79, 80",0.819,LCF,
18534775,eclipsing_binary,"25, 26, 52, 53, 79, 80",0.757,LCF,
18636142,eclipsing_binary,"25, 26, 40, 52, 53, 79, 80",0.899,LCF,
18914916,eclipsing_binary,"7, 34, 44, 45, 46, 71, 72",0.081,LCF,
18915591,eclipsing_binary,"7, 34, 44, 45, 46, 71, 72, 88",0.434,LCF,A
19193162,eclipsing_binary,"7, 34, 61, 88",0.384,LCF,
19271382,eclipsing_binary,"8, 9, 35, 62",0.381,LCF,
19570530,eclipsing_binary,"7, 34, 61, 88",0.286,LCF,
20072363,eclipsing_binary,"5, 6, 32, 33, 87",0.859,LCF,
20095466,eclipsing_binary,"5, 6, 32, 33, 87",0.437,LCF,A
20176492,eclipsing_binary,"5, 6, 32, 33, 87",0.557,LCF,
20212631,eclipsing_binary,"23, 24, 50, 51, 77, 78",0.824,LCF,
20239565,eclipsing_binary,"23, 24, 51, 77, 78",0.257,LCF,
20299889,eclipsing_binary,"23, 24, 51, 77, 78",0.496,LCF,
20876588,eclipsing_binary,"18, 58, 85",0.532,LCF,
21126323,eclipsing_binary,"14, 25, 26, 40, 41, 52, 53, 54, 58, 74, 75, 79, 80, 81, 82",0.525,LCF,
21174723,eclipsing_binary,"18, 43, 58, 85",0.557,LCF,
21175869,eclipsing_binary,"18, 58, 85",0.875,LCF,
21184505,eclipsing_binary,"7, 34, 44, 45, 46, 72",0.876,LCF,
21319374,eclipsing_binary,"19, 73, 86",0.430,LCF,
21442712,eclipsing_binary,"5, 6, 32, 33, 87",0.951,LCF,
21499327,eclipsing_binary,"21, 48",0.167,LCF,
21499609,eclipsing_binary,"21, 48",0.205,LCF,
21639186,eclipsing_binary,"10, 37, 64",0.467,LCF,
21729403,eclipsing_binary,"5, 6, 32, 33, 87",0.690,LCF,
21827849,eclipsing_binary,"10, 37, 64",0.458,LCF,
22017780,eclipsing_binary,"22, 23, 49, 76",0.809,LCF,
22079739,eclipsing_binary,"9, 35, 62",0.458,LCF,A
22120766,eclipsing_binary,"8, 9, 35, 62",0.683,LCF,
22146154,eclipsing_binary,"9, 35, 62",0.107,LCF,
22221233,eclipsing_binary,"9, 35, 62",0.686,LCF,
22390773,eclipsing_binary,"10, 37, 64",0.109,LCF,
22457438,eclipsing_binary,"10, 37, 63",0.717,LCF,
22481474,eclipsing_binary,"10, 37, 63",0.433,LCF,
22538139,eclipsing_binary,"6, 7, 8, 33, 34, 61, 87, 88",0.321,LCF,
22590328,eclipsing_binary,"20, 47, 60",0.295,LCF,
22766107,eclipsing_binary,"7, 8, 33, 34, 61, 87, 88",0.408,LCF,
22818693,eclipsing_binary,"22, 23, 49, 50, 76, 77",0.128,LCF,
22843856,eclipsing_binary,"18, 42, 43, 44, 58, 70, 71, 85",0.305,LCF,A
22937402,eclipsing_binary,"7, 33, 34, 61, 87, 88",0.484,LCF,
23139612,eclipsing_binary,"4, 31",0.799,LCF,
23221002,eclipsing_binary,"4, 31",0.745,LCF,
23324827,eclipsing_binary,"9, 36, 63",0.312,LCF,A
23328912,eclipsing_binary,"9, 10, 36, 63",0.520,LCF,
23555025,eclipsing_binary,"9, 10, 36, 63",0.346,LCF,
23559851,eclipsing_binary,"9, 10, 36, 63",0.611,LCF,
23753424,eclipsing_binary,"16, 23, 49, 50, 76, 77",0.940,LCF,
24004619,eclipsing_binary,"21, 48",0.534,LCF,
24077469,eclipsing_binary,"24, 25, 51, 78",0.297,LCF,
24133365,eclipsing_binary,"12, 38",0.338,LCF,
24194061,eclipsing_binary,"12, 38, 65",0.561,LCF,
24397947,eclipsing_binary,"5, 6, 32, 33",0.260,LCF,A
24400247,eclipsing_binary,"5, 6, 32",0.235,LCF,
24433067,eclipsing_binary,"5, 6, 32, 33",0.466,LCF,
24450633,eclipsing_binary,"5, 6, 32, 33",0.617,LCF,
24522770,eclipsing_binary,"5, 32",0.596,LCF,
24586751,eclipsing_binary,"5, 6, 32, 33",0.639,LCF,
24588623,eclipsing_binary,"5, 6, 32, 33, 87",0.634,LCF,
24606516,eclipsing_binary,"5, 6, 32",0.857,LCF,
24704862,eclipsing_binary,"1, 2, 29, 68, 69",0.213,LCF,I
24733359,eclipsing_binary,"8, 9, 35, 62",0.903,LCF,
24935204,eclipsing_binary,"17, 57, 84",0.081,LCF,
24972851,eclipsing_binary,"8, 9, 35, 62",0.336,LCF,
25078120,eclipsing_binary,"1, 2, 3, 4, 5, 6, 7, 8, 9, 10, 11, 12, 13, 27, 28, 29, 30, 31, 32, 33, 34, 35, 36, 37, 38, 39, 61, 63, 64, 65, 66, 67, 68, 69, 87, 88",0.952,LCF,
25078924,eclipsing_binary,"1, 2, 3, 4, 5, 6, 7, 8, 9, 10, 11, 12, 13, 27, 28, 29, 30, 31, 32, 33, 34, 35, 36, 37, 38, 61, 62, 63, 64, 65, 66, 67, 68, 69, 87, 88",0.556,LCF,
25155310,eclipsing_binary,"1, 2, 3, 4, 5, 6, 7, 8, 9, 10, 11, 12, 13, 27, 28, 29, 30, 31, 32, 33, 34, 35, 36, 37, 38, 39, 61, 62, 63, 64, 65, 66, 67, 68, 69, 87, 88",0.349,LCF,A
25156751,eclipsing_binary,"8, 9, 35, 62",0.445,LCF,
25188036,eclipsing_binary,"6, 33, 87",0.400,LCF,
25195864,eclipsing_binary,"1, 2, 3, 4, 5, 6, 7, 8, 9, 10, 11, 12, 13, 27, 28, 29, 30, 31, 32, 33, 34, 35, 36, 37, 38, 39, 61, 62, 63, 64, 65, 66, 67, 68, 69, 87, 88",0.725,LCF,
25226885,eclipsing_binary,"1, 28",0.520,LCF,
25354620,eclipsing_binary,"1, 28, 68",0.165,LCF,
25375553,eclipsing_binary,"1, 28, 68",0.447,LCF,
25858367,eclipsing_binary,"13, 66",0.558,LCF,
26273760,eclipsing_binary,"8, 35, 62",0.275,LCF,
26432264,eclipsing_binary,"18, 42, 43, 44, 58, 86",0.742,LCF,
26489741,eclipsing_binary,"14, 15, 40, 41, 54, 55, 56, 74, 75, 76, 80, 81, 82, 83",0.388,LCF,A
26533207,eclipsing_binary,"18, 43, 86",0.788,LCF,
26542657,eclipsing_binary,"14, 15, 40, 41, 54, 55, 56, 74, 75, 76, 80, 81, 82, 83",0.175,LCF,
26543048,eclipsing_binary,"14, 15, 41, 54, 55, 56, 74, 75, 76, 80, 81, 82, 83",1.073,LCF,
26568753,eclipsing_binary,"17, 24, 57, 84",0.213,LCF,
26656583,eclipsing_binary,"14, 15, 40, 41, 54, 55, 56, 74, 75, 81, 82",0.628,LCF,
26801525,eclipsing_binary,"17, 24, 57, 84",0.250,LCF,
26993764,eclipsing_binary,"17, 24, 57, 84",0.394,LCF,
27006880,eclipsing_binary,"14, 15, 40, 41, 54, 55, 56, 74, 75, 76, 81, 82, 83",0.192,LCF,
27112021,eclipsing_binary,"23, 50",0.957,LCF,
27307817,eclipsing_binary,"14, 15, 40, 41, 54, 55, 56, 74, 75, 76, 81, 82, 83",0.685,LCF,
27312189,eclipsing_binary,"14, 15, 16, 40, 41, 54, 55, 56, 74, 75, 76, 81, 82, 83",0.259,LCF,
27397122,eclipsing_binary,"14, 15, 40, 41, 54, 55, 56, 74, 75, 76, 81, 82, 83",0.148,LCF,
27654882,eclipsing_binary,"7, 34, 44, 45, 46, 71, 72",0.479,LCF,A
27767184,eclipsing_binary,"14, 15, 40, 41, 54, 55, 56, 74, 75, 76, 81, 82, 83",0.359,LCF,
27843942,eclipsing_binary,"14, 15, 16, 40, 41, 54, 55, 56, 74, 76, 81, 82, 83",0.472,LCF,
27844498,eclipsing_binary,"14, 15, 16, 40, 41, 54, 55, 56, 74, 75, 76, 81, 82, 83",0.676,LCF,
27845677,eclipsing_binary,"14, 15, 40, 41, 54, 55, 56, 74, 75, 76, 81, 82, 83",0.048,LCF,
27915909,eclipsing_binary,"14, 15, 41, 54, 55, 56, 74, 75, 76, 81, 83",0.111,LCF,
28051929,eclipsing_binary,"3, 30",0.153,LCF,
28157482,eclipsing_binary,"23, 50, 77",0.358,LCF,
28159019,eclipsing_binary,"14, 15, 41, 54, 55, 56, 74, 75, 76, 81, 82, 83",0.500,LCF,
28188795,eclipsing_binary,"23, 50, 77",0.672,LCF,
28224552,eclipsing_binary,"17, 85",0.123,LCF,
28230919,eclipsing_binary,"14, 15, 41, 54, 55, 56, 74, 75, 76, 82, 83",0.227,LCF,A
28290956,eclipsing_binary,"23, 24, 50, 77",0.213,LCF,
28304399,eclipsing_binary,"14, 15, 16, 41, 54, 56, 74, 75, 76, 81, 82, 83",0.722,LCF,
28306907,eclipsing_binary,"14, 15, 41, 54, 55, 56, 74, 75, 76, 81, 82, 83",0.930,LCF,
28351918,eclipsing_binary,"17, 42, 43, 85",0.550,LCF,
28359831,eclipsing_binary,"14, 15, 41, 54, 55, 56, 74, 75, 76, 81, 82, 83",0.829,LCF,
28391714,eclipsing_binary,"17, 58, 85",0.592,LCF,
28449295,eclipsing_binary,"14, 15, 41, 54, 55, 56, 74, 75, 76, 81, 82, 83",0.279,LCF,
28498786,eclipsing_binary,"19, 59, 86",0.598,LCF,
28586609,eclipsing_binary,"19, 59, 86",0.314,LCF,
28763683,eclipsing_binary,"17, 18, 58, 85",0.744,LCF,
29053989,eclipsing_binary,"18, 42, 43, 44, 70, 71",0.543,LCF,
29478974,eclipsing_binary,"1, 28, 68",0.135,LCF,
29684896,eclipsing_binary,"8, 9, 35, 36, 62, 63",0.453,LCF,
29697290,eclipsing_binary,"8, 9, 35, 36, 62",0.645,LCF,A
29706981,eclipsing_binary,"14, 40, 41, 54, 74, 80",0.660,LCF,
29777922,eclipsing_binary,"1, 2, 3, 4, 5, 6, 7, 8, 9, 10, 11, 12, 13, 27, 28, 30, 31, 32, 33, 34, 35, 36, 37, 38, 39, 61, 62, 63, 64, 65, 66, 67, 68, 69, 87, 88",0.876,LCF,
29778064,eclipsing_binary,"1, 2, 3, 4, 5, 6, 7, 8, 9, 10, 11, 12, 13, 27, 28, 29, 30, 31, 32, 33, 34, 35, 36, 37, 38, 61, 62, 63, 64, 65, 66, 67, 68, 87, 88",0.635,LCF,
29847695,eclipsing_binary,"3, 30",0.283,LCF,
29848012,eclipsing_binary,"3, 30",0.779,LCF,A
29914747,eclipsing_binary,"9, 10, 36, 63",0.622,LCF,
29983149,eclipsing_binary,"1, 2, 3, 4, 5, 6, 7, 8, 9, 10, 11, 12, 13, 27, 28, 29, 30, 31, 32, 33, 34, 35, 36, 37, 38, 39, 61, 62, 63, 64, 65, 66, 67, 69, 87, 88",0.316,LCF,
30028394,eclipsing_binary,"4, 31",0.895,LCF,
30034081,eclipsing_binary,"1, 2, 3, 4, 5, 6, 7, 8, 9, 10, 11, 12, 13, 27, 28, 29, 30, 31, 32, 33, 34, 35, 36, 37, 38, 39, 61, 62, 63, 64, 65, 66, 67, 68, 69, 87, 88",0.506,LCF,
30122338,eclipsing_binary,"8, 9, 35, 36",0.349,LCF,A
30287190,eclipsing_binary,"11, 37, 64",0.237,LCF,
30313682,eclipsing_binary,"1, 2, 3, 4, 5, 6, 7, 8, 9, 10, 11, 12, 13, 27, 28, 29, 30, 31, 32, 33, 34, 35, 36, 37, 38, 61, 62, 63, 64, 65, 66, 67, 68, 69, 87, 88",0.422,LCF,
30382918,eclipsing_binary,"11, 37, 64",0.536,LCF,
30450412,eclipsing_binary,"12, 39, 66",0.355,LCF,A
30540538,eclipsing_binary,"11, 37, 64",0.726,LCF,
30562668,eclipsing_binary,"8, 9, 35, 36, 62",0.478,LCF,
30714849,eclipsing_binary,"14, 40, 41, 54, 74, 80, 81",0.118,LCF,A
30816076,eclipsing_binary,"13, 27, 67",0.265,LCF,A
30828562,eclipsing_binary,"8, 9, 35, 36, 62",0.237,LCF,A
30914235,eclipsing_binary,"13, 27, 67",0.414,LCF,
30993392,eclipsing_binary,"11, 37, 64",0.289,LCF,
31054255,eclipsing_binary,"5, 6, 32",0.295,LCF,
31107108,eclipsing_binary,"1, 2, 3, 4, 5, 6, 7, 8, 9, 10, 11, 12, 13, 27, 28, 29, 30, 31, 33, 34, 35, 36, 37, 38, 39, 61, 62, 63, 64, 65, 66, 67, 68, 69, 87, 88",0.644,LCF,
31118189,eclipsing_binary,"5, 6, 32",0.773,LCF,
31134762,eclipsing_binary,"11, 64",0.455,LCF,
31273263,eclipsing_binary,"1, 2, 3, 4, 5, 6, 7, 8, 9, 11, 12, 13, 28, 29, 30, 31, 32, 33, 34, 35, 36, 38, 39, 62, 63, 64, 65, 67, 68, 69",0.081,LCF,A
31303242,eclipsing_binary,"5, 6, 32",0.290,LCF,
31415131,eclipsing_binary,"1, 2, 3, 4, 5, 6, 7, 8, 9, 10, 11, 12, 13, 27, 28, 29, 30, 31, 32, 33, 34, 35, 36, 37, 38, 39, 61, 62, 63, 64, 65, 66, 67, 68, 69, 87, 88",0.630,LCF,
31511621,eclipsing_binary,"1, 2, 3, 4, 5, 6, 7, 8, 9, 11, 12, 13, 27, 28, 29, 31, 32, 33, 34, 35, 36, 37, 38, 39, 61, 63, 64, 66, 67, 68, 69, 87, 88",0.633,LCF,
31653503,eclipsing_binary,"1, 2, 3, 27, 28, 29, 30, 67, 68, 69",0.549,LCF,
31655792,eclipsing_binary,"1, 2, 3, 10, 27, 28, 29, 30, 67, 68, 69",0.788,LCF,
31690845,eclipsing_binary,"13, 27, 67",0.708,LCF,
31743416,eclipsing_binary,"1, 2, 3, 27, 28, 29, 30, 37, 64, 67, 68, 69",0.496,LCF,
31779608,eclipsing_binary,"1, 2, 3, 6, 10, 13, 27, 28, 29, 30, 33, 63, 66, 67, 68, 69, 87",0.387,LCF,
31796120,eclipsing_binary,"1, 2, 3, 6, 10, 13, 27, 28, 29, 30, 33, 63, 66, 67, 68, 69, 87",0.517,LCF,
31810287,eclipsing_binary,"8, 9, 35, 36, 62, 63",0.233,LCF,
31850842,eclipsing_binary,"1, 2, 3, 7, 10, 27, 28, 29, 30, 37, 61, 64, 67, 68, 69, 88",0.320,LCF,
31961007,eclipsing_binary,"1, 2, 3, 4, 6, 7, 10, 13, 27, 28, 29, 30, 33, 34, 37, 61, 62, 63, 64, 66, 67, 68, 69, 87, 88",0.259,LCF,
32000625,eclipsing_binary,"1, 2, 3, 6, 7, 9, 10, 12, 13, 27, 28, 29, 30, 33, 36, 37, 39, 61, 62, 63, 64, 65, 66, 67, 69, 87, 88",0.535,LCF,
32008233,eclipsing_binary,"7, 34, 61, 88",0.588,LCF,
32050581,eclipsing_binary,"1, 2, 3, 4, 6, 7, 9, 10, 11, 13, 27, 28, 29, 30, 31, 33, 34, 36, 37, 39, 61, 63, 64, 65, 66, 67, 68, 69, 87, 88",0.224,LCF,
32150630,eclipsing_binary,"1, 2, 3, 4, 6, 7, 8, 9, 10, 11, 12, 13, 27, 28, 29, 30, 31, 32, 33, 34, 35, 36, 37, 38, 39, 61, 62, 63, 64, 65, 66, 67, 68, 69, 87, 88",0.349,LCF,
32200310,eclipsing_binary,"1, 28, 68",0.726,LCF,
32268776,eclipsing_binary,"3, 30",0.607,LCF,
32284829,eclipsing_binary,"3, 30",0.692,LCF,
32449963,eclipsing_binary,"10, 37, 46",0.156,LCF,
32543789,eclipsing_binary,"5, 6, 32, 33",0.826,LCF,
32551761,eclipsing_binary,"3, 30",0.925,LCF,
32702481,eclipsing_binary,"5, 6, 32, 33, 87",0.339,LCF,
32759110,eclipsing_binary,"6, 32, 33, 87",0.128,LCF,
32830028,eclipsing_binary,"6, 32, 33, 87",0.606,LCF,
32932888,eclipsing_binary,"7, 33, 87",0.628,LCF,
32959497,eclipsing_binary,"12, 39, 66",0.524,LCF,
33194538,eclipsing_binary,"7, 33, 87",0.560,LCF,
33419790,eclipsing_binary,"6, 32, 33, 87",0.546,LCF,
33521996,eclipsing_binary,"6, 32, 33, 87",0.224,LCF,
33576348,eclipsing_binary,3,0.665,LCF,
33665328,eclipsing_binary,"3, 30",0.442,LCF,
33689349,eclipsing_binary,"6, 33, 87",0.401,LCF,
33715938,eclipsing_binary,"1, 2, 3, 5, 6, 8, 9, 10, 11, 12, 13, 27, 28, 29, 30, 31, 32, 33, 35, 36, 37, 38, 39, 61, 62, 63, 65, 66, 67, 68, 69, 87, 88",0.529,LCF,
33742428,eclipsing_binary,"6, 33, 87",0.519,LCF,
33742828,eclipsing_binary,"6, 33, 87",0.398,LCF,A
33834253,eclipsing_binary,"1, 2, 3, 4, 5, 6, 7, 8, 9, 10, 11, 12, 13, 27, 28, 29, 30, 31, 32, 33, 34, 35, 36, 37, 38, 39, 61, 62, 63, 64, 65, 66, 67, 68, 69, 87, 88",0.550,LCF,
33862174,eclipsing_binary,"1, 2, 5, 8, 9, 12, 13, 27, 28, 29, 32, 35, 38, 39, 61, 62, 63, 65, 66, 67, 68, 69, 87, 88",0.592,LCF,
33864821,eclipsing_binary,"2, 3, 4, 5, 6, 7, 8, 9, 10, 12, 13, 27, 28, 29, 30, 31, 32, 33, 34, 35, 36, 37, 38, 39, 61, 62, 63, 64, 65, 66, 67, 68, 69, 87, 88",0.495,LCF,
33912852,eclipsing_binary,"2, 29, 69",0.361,LCF,
34082428,eclipsing_binary,"6, 33, 87",0.568,LCF,
34107676,eclipsing_binary,"5, 31",0.799,LCF,A
34142502,eclipsing_binary,"6, 33, 87",0.703,LCF,
34145330,eclipsing_binary,5,0.610,LCF,
34236395,eclipsing_binary,5,0.526,LCF,
35009375,eclipsing_binary,"9, 36, 45, 46, 62, 72",0.763,LCF,
35101462,eclipsing_binary,4,0.210,LCF,
35349987,eclipsing_binary,"11, 12, 38, 65",0.018,LCF,
35481236,eclipsing_binary,"6, 7, 33, 87",0.618,LCF,
35516889,eclipsing_binary,"9, 36, 62, 63",0.515,LCF,
35655828,eclipsing_binary,"9, 36, 62, 63",0.241,LCF,
35743561,eclipsing_binary,"4, 31",0.544,LCF,
35744583,eclipsing_binary,"4, 31",0.548,LCF,
35744707,eclipsing_binary,"4, 31",0.709,LCF,
35857242,eclipsing_binary,"4, 31",0.363,LCF,A
36077464,eclipsing_binary,"9, 10, 36, 62, 63",0.842,LCF,
36352297,eclipsing_binary,"6, 33, 87",0.363,LCF,
36594985,eclipsing_binary,"12, 39, 66",0.540,LCF,
36729364,eclipsing_binary,"4, 31",0.892,LCF,
36734222,eclipsing_binary,"9, 35, 62",0.439,LCF,A
36883123,eclipsing_binary,"4, 31",0.744,LCF,
37248140,eclipsing_binary,"6, 87",0.150,LCF,
37435039,eclipsing_binary,"8, 35, 61, 62",0.473,LCF,A
37601240,eclipsing_binary,"6, 33, 87",0.623,LCF,
37606218,eclipsing_binary,"6, 33, 87",0.210,LCF,
37817410,eclipsing_binary,"5, 32",0.536,LCF,
38021254,eclipsing_binary,"5, 32",0.904,LCF,
38023570,eclipsing_binary,"6, 33, 87",0.426,LCF,
